book_id,book_title,genre
1,"Harry Potter and the Sorcerer's Stone (Harry Potter, #1)",fantasy
3,"Harry Potter and the Goblet of Fire (Harry Potter, #4)",fantasy
5,"Eclipse (Twilight, #3)",fantasy
6,"The Golden Compass (His Dark Materials, #1)",fantasy
17,"A Feast for Crows (A Song of Ice and Fire, #4)",fantasy
19,"Fallen (Fallen, #1)",fantasy
23,Ella Enchanted,fantasy
27,Coraline,fantasy
33,"Graceling (Graceling Realm, #1)",fantasy
36,Stardust,fantasy
38,The Lorax,fantasy
46,Snow Crash,fantasy
47,"Clockwork Princess (The Infernal Devices, #3)",fantasy
53,"Untamed (House of Night, #4)",fantasy
57,"Left Behind (Left Behind, #1)",fantasy
59,"Dead to the World (Sookie Stackhouse, #4)",fantasy
60,The Master and Margarita,fantasy
61,The Tale of Peter Rabbit,fantasy
65,The True Story of the 3 Little Pigs,fantasy
69,"The Last Battle (Chronicles of Narnia, #7)",fantasy
70,"Definitely Dead (Sookie Stackhouse, #6)",fantasy
79,The Hunger Games: Official Illustrated Movie Companion,fantasy
80,"The Shadow Rising (Wheel of Time, #4)",fantasy
81,"The Waste Lands (The Dark Tower, #3)",fantasy
84,"Lamb: The Gospel According to Biff, Christ's Childhood Pal",fantasy
86,"Dead and Gone (Sookie Stackhouse, #9)",fantasy
90,Calvin and Hobbes,fantasy
92,"Howl's Moving Castle (Howl's Moving Castle, #1)",fantasy
99,The Neverending Story,fantasy
103,"The Forever War (The Forever War, #1)",fantasy
105,"The Fires of Heaven (Wheel of Time, #5)",fantasy
116,"Equal Rites (Discworld, #3; Witches #1)",fantasy
124,"Summer Knight (The Dresden Files, #4)",fantasy
132,"The Miserable Mill (A Series of Unfortunate Events, #4)",fantasy
133,The Snow Child,fantasy
138,"Ringworld (Ringworld, #1)",fantasy
143,"The Awakening (Darkest Powers, #2)",fantasy
149,The Twits,fantasy
152,"Dead Witch Walking (The Hollows, #1)",fantasy
154,"Messenger (The Giver, #3)",fantasy
159,"The Last Unicorn (The Last Unicorn, #1)",fantasy
162,"School's Out—Forever (Maximum Ride, #2)",fantasy
163,"Winter (The Lunar Chronicles, #4)",fantasy
164,"The Indian in the Cupboard (The Indian in the Cupboard, #1)",fantasy
169,The Stand: Captain Trips,fantasy
175,"The Golem and the Jinni (The Golem and the Jinni, #1)",fantasy
176,"Alanna: The First Adventure (Song of the Lioness, #1)",fantasy
183,"The Tale of the Body Thief (The Vampire Chronicles, #4)",fantasy
184,"Blood of the Fold (Sword of Truth, #3)",fantasy
186,"Masquerade (Blue Bloods, #2)",fantasy
187,"Circus of the Damned (Anita Blake, Vampire Hunter, #3)",fantasy
192,"Paranormalcy (Paranormalcy, #1)",fantasy
195,"Turn Coat (The Dresden Files, #11)",fantasy
196,The Mitten,fantasy
197,"Shadow of the Hegemon (Ender's Shadow, #2)",fantasy
202,"Garden Spells (Waverley Family, #1)",fantasy
207,"The Wee Free Men (Discworld, #30; Tiffany Aching, #1)",fantasy
208,Alice's Adventures in Wonderland,fantasy
209,Uprooted,fantasy
211,"Faith of the Fallen (Sword of Truth, #6)",fantasy
216,"The Sword of Shannara (The Original Shannara Trilogy, #1)",fantasy
217,"Night World, No. 3 (Night World, #7-9)",fantasy
219,"A Bear Called Paddington (Paddington, #1)",fantasy
221,"InuYasha: Turning Back Time (InuYasha, #1)",fantasy
223,"Shift (Silo, #2)",fantasy
225,"Lioness Rampant (Song of the Lioness, #4)",fantasy
226,The Mote in God's Eye,fantasy
227,Wicked: The Grimmerie,fantasy
228,"Preacher, Volume 1: Gone to Texas",fantasy
230,"Shadowfever (Fever, #5)",fantasy
233,"Lover Unleashed (Black Dagger Brotherhood, #9)",fantasy
241,"The Twilight Collection (Twilight, #1-3)",fantasy
246,"New Spring (Wheel of Time, #0)",fantasy
249,"Skin Game (The Dresden Files, #15)",fantasy
253,"The Laughing Corpse (Anita Blake, Vampire Hunter, #2)",fantasy
258,Kingdom Come,fantasy
262,The Time Machine/The Invisible Man,fantasy
268,We,fantasy
276,"Hallowed (Unearthly, #2)",fantasy
277,"The Lunatic Cafe (Anita Blake, Vampire Hunter #4)",fantasy
282,"Kushiel's Dart (Phèdre's Trilogy, #1)",fantasy
283,"The Iron Knight (The Iron Fey, #4)",fantasy
284,"Feet of Clay (Discworld, #19; City Watch, #3)",fantasy
286,"Flyte (Septimus Heap, #2)",fantasy
287,"The Girl of Fire and Thorns (Fire and Thorns, #1)",fantasy
289,"The Ask and the Answer (Chaos Walking, #2)",fantasy
291,The Trumpet of the Swan,fantasy
292,The Cricket in Times Square,fantasy
299,"Lord Brocktree (Redwall, #13)",fantasy
300,"Golden Fool (Tawny Man, #2)",fantasy
301,"Naked Empire (Sword of Truth, #8)",fantasy
304,Of Love and Other Demons,fantasy
305,The Demigod Files (Percy Jackson and the Olympians),fantasy
308,"The Warlock (The Secrets of the Immortal Nicholas Flamel, #5)",fantasy
310,Marvel 1602,fantasy
312,"1Q84 BOOK 1 (1Q84, #1)",fantasy
314,"Dark Flame (The Immortals, #4)",fantasy
316,"Soul Eater, Vol. 01 (Soul Eater, #1)",fantasy
319,"Monsters of Men (Chaos Walking, #3)",fantasy
320,"A Princess of Mars (Barsoom, #1)",fantasy
322,"The Sweet Far Thing (Gemma Doyle, #3)",fantasy
325,"A Hat Full of Sky (Discworld, #32; Tiffany Aching, #2)",fantasy
328,"The Paper Magician (The Paper Magician Trilogy, #1)",fantasy
334,Put Me in the Zoo,fantasy
335,"Firelight (Firelight, #1)",fantasy
339,"Starcrossed (Starcrossed, #1)",fantasy
340,"Night Star (The Immortals, #5)",fantasy
344,Black Hole,fantasy
347,Anya's Ghost,fantasy
353,Lucifer's Hammer,fantasy
361,"Gregor and the Code of Claw (Underland Chronicles, #5)",fantasy
363,The Leftovers,fantasy
369,"The Hero and the Crown (Damar, #2)",fantasy
371,"Fluke: Or, I Know Why the Winged Whale Sings",fantasy
372,Harry Potter and the Chamber of Secrets: Sheet Music for Flute with C.D,fantasy
376,"Nightfall (The Vampire Diaries: The Return, #1)",fantasy
389,"The Dead Girls' Dance (The Morganville Vampires, #2)",fantasy
390,"Pure (Covenant, #2)",fantasy
398,"Crooked Kingdom (Six of Crows, #2)",fantasy
399,"Trickster's Choice (Daughter of the Lioness, #1)",fantasy
400,The Arrival,fantasy
403,NARUTO -ナルト- 巻ノ四十三,fantasy
404,"Ink Exchange (Wicked Lovely, #2)",fantasy
406,"Side Jobs: Stories from the Dresden Files (The Dresden Files, #12.5)",fantasy
408,"Birthmarked (Birthmarked, #1)",fantasy
410,A Christmas Carol and Other Christmas Writings,fantasy
411,The Coldest Girl in Coldtown,fantasy
413,"Feast of Fools (The Morganville Vampires, #4)",fantasy
416,Sylvester and the Magic Pebble,fantasy
424,Aleph,fantasy
426,The Lathe of Heaven,fantasy
427,"Hunting Ground (Alpha & Omega, #2)",fantasy
428,"Dragonsong (Harper Hall, #1)",fantasy
436,"The Stonekeeper (Amulet, #1)",fantasy
437,"Dark Visions (Dark Visions, #1-3)",fantasy
446,"Lost in a Good Book (Thursday Next, #2)",fantasy
450,The Elephant Vanishes,fantasy
451,"Wintersmith (Discworld, #35; Tiffany Aching, #3)",fantasy
456,Tigana,fantasy
460,"Ranma ½, Vol. 1 (Ranma ½ (US 2nd), #1)",fantasy
466,The Bane Chronicles,fantasy
471,"Many Waters (A Wrinkle in Time Quintet, #4)",fantasy
474,"Sookie Stackhouse 7-copy Boxed Set (Sookie Stackhouse, #1-7)",fantasy
477,"The Black Company (The Chronicles of the Black Company, #1)",fantasy
481,Eaters of the Dead,fantasy
483,"The Crystal Cave (Arthurian Saga, #1)",fantasy
485,"The White Dragon (Pern, #3)",fantasy
489,"Kiss of Death (The Morganville Vampires, #8)",fantasy
501,"The Winter King (The Warlord Chronicles, #1)",fantasy
504,"Vampire Kisses: The Beginning (Vampire Kisses, #1-3)",fantasy
505,"The Last Guardian (Artemis Fowl, #8)",fantasy
506,"Dragonsinger (Harper Hall, #2)",fantasy
508,"A Knight of the Seven Kingdoms (The Tales of Dunk and Egg, #1-3)",fantasy
511,Judas Unchained,fantasy
513,"Kushiel's Chosen (Phèdre's Trilogy, #2)",fantasy
518,East,fantasy
519,"Astonishing X-Men, Volume 1: Gifted",fantasy
528,Civil War: A Marvel Comics Event,fantasy
532,"The Hundred Thousand Kingdoms (Inheritance Trilogy, #1)",fantasy
537,"Enna Burning (The Books of Bayern, #2)",fantasy
539,Marked / Betrayed / Chosen / Untamed / Hunted (House of Night #1-5),fantasy
542,"Night Broken (Mercy Thompson, #8)",fantasy
546,Labyrinths:  Selected Stories and Other Writings,fantasy
550,"Promise of Blood (Powder Mage, #1)",fantasy
554,美少女戦士セーラームーン新装版 1 [Bishōjo Senshi Sailor Moon Shinsōban 1],fantasy
566,"Half Bad (The Half Bad Trilogy, #1)",fantasy
568,"Legion (Legion, #1)",fantasy
575,"Darkest Mercy (Wicked Lovely, #5)",fantasy
577,"Ironside (Modern Faerie Tales, #3)",fantasy
581,"Timebound (The Chronos Files, #1)",fantasy
586,"The Big Over Easy (Nursery Crime, #1)",fantasy
590,BookRags Summary:  A Storm of Swords,fantasy
591,Death With Interruptions,fantasy
592,"Gregor and the Marks of Secret (Underland Chronicles, #4)",fantasy
598,"Whispers at Moonrise (Shadow Falls, #4)",fantasy
602,"The Night Angel Trilogy (Night Angel, #1-3)",fantasy
603,"Syren (Septimus Heap, #5)",fantasy
609,Ghostwritten,fantasy
610,"The Ruby Circle (Bloodlines, #6)",fantasy
614,Disney's the Lion King,fantasy
615,Villa Incognito,fantasy
618,The Little Red Hen (Little Golden Book),fantasy
629,"11 Birthdays (Willow Falls, #1)",fantasy
631,"Shadow of a Dark Queen (The Serpentwar Saga, #1)",fantasy
636,"Daughter of the Empire (The Empire Trilogy, #1)",fantasy
642,"The Dragon Keeper (Rain Wild Chronicles, #1)",fantasy
649,"The Vampire Prince (Cirque Du Freak, #6)",fantasy
650,"Throne of Jade (Temeraire, #2)",fantasy
651,The Days Are Just Packed: A Calvin and Hobbes Collection,fantasy
653,Magician: Apprentice  (Raymond E. Feist's Magician: Apprentice #1),fantasy
655,Polgara the Sorceress (Malloreon),fantasy
661,"A Stroke of Midnight (Merry Gentry, #4)",fantasy
662,Lord of Light,fantasy
663,The Valkyries,fantasy
666,"White Cat (Curse Workers, #1)",fantasy
669,"Bullet (Anita Blake, Vampire Hunter #19)",fantasy
671,"Darkest Hour (The Mediator, #4)",fantasy
674,We3,fantasy
676,"Boy, Snow, Bird",fantasy
677,Ash,fantasy
683,"Afterlife (Evernight, #4)",fantasy
686,"Goddess Interrupted (Goddess Test, #2)",fantasy
687,Bedtime for Frances,fantasy
689,"Legend (The Drenai Saga, #1)",fantasy
693,Earth Abides,fantasy
706,"Castle in the Air (Howl's Moving Castle, #2)",fantasy
713,"Killers of the Dawn (Cirque Du Freak, #9)",fantasy
718,"The Ring of Solomon (Bartimaeus, #0.5)",fantasy
720,"The Long Way to a Small, Angry Planet (Wayfarers, #1)",fantasy
721,"Raised by Wolves (Raised by Wolves, #1)",fantasy
725,"Tris's Book (Circle of Magic, #2)",fantasy
727,"The Secret Hour (Midnighters, #1)",fantasy
730,"Black Butler, Vol. 3 (Black Butler, #3)",fantasy
732,Bloodrose (Nightshade #3; Nightshade World #6),fantasy
735,"The Sword of Shannara Trilogy (Shannara, #1-3)",fantasy
736,"The Bitter Kingdom (Fire and Thorns, #3)",fantasy
742,"The Calling (Darkness Rising, #2)",fantasy
743,Avatar: The Last Airbender: The Lost Adventures,fantasy
748,"Bearing an Hourglass (Incarnations of Immortality, #2)",fantasy
749,"Disney after Dark (Kingdom Keepers, #1)",fantasy
750,"The Honor of the Queen (Honor Harrington, #2)",fantasy
752,"Embrace (The Violet Eden Chapters, #1)",fantasy
763,California,fantasy
764,The Pigeon Finds a Hot Dog!,fantasy
765,The Magic Finger (Young Puffin Developing Reader),fantasy
767,"The Enchanted Wood (The Faraway Tree, #1)",fantasy
769,Pat the Bunny,fantasy
781,"From the Two Rivers: The Eye of the World, Part 1 (Wheel of time, #1-1)",fantasy
782,The Magic Strings of Frankie Presto,fantasy
783,"Fool's Quest  (The Fitz and The Fool, #2)",fantasy
786,"Charlie Bone and the Invisible Boy (The Children of the Red King, #3)",fantasy
787,"First Shift: Legacy (Shift, #1)",fantasy
790,"Skinwalker (Jane Yellowrock, #1)",fantasy
791,Pinkalicious,fantasy
802,"Fables, Vol. 6: Homelands",fantasy
816,"Attack of the Fiend (The Last Apprentice / Wardstone Chronicles, #4)",fantasy
820,"Shaman's Crossing (Soldier Son, #1)",fantasy
828,Batman: Whatever Happened to the Caped Crusader?,fantasy
830,"Lady Friday (The Keys to the Kingdom, #5)",fantasy
832,The Lion and the Mouse,fantasy
833,"Lord of the Shadows (Cirque Du Freak, #11)",fantasy
835,"Goddess (Starcrossed, #3)",fantasy
839,"The Wheel of Time: Boxed Set #1 (Wheel of Time, #1-3)",fantasy
841,Baudolino,fantasy
853,All the Birds in the Sky,fantasy
855,"Fairest (An Unfortunate Fairy Tale, #2)",fantasy
861,"The Undead Pool (The Hollows, #12)",fantasy
862,The Enchantress of Florence,fantasy
865,"Inside Out (Insider, #1)",fantasy
866,"The Bellmaker (Redwall, #7)",fantasy
868,Day Watch (Watch #2),fantasy
871,"The Diamond of Darkhold (Book of Ember, #4)",fantasy
875,The Twenty-One Balloons,fantasy
889,"The Magical Worlds of Harry Potter: A Treasury of Myths, Legends, and Fascinating Facts",fantasy
897,"Welcome to Shadowhunter Academy (Tales from the Shadowhunter Academy, #1)",fantasy
900,"Kushiel's Scion (Imriel's Trilogy, #1)",fantasy
902,"Heartless (Parasol Protectorate, #4)",fantasy
907,"Of Triton (The Syrena Legacy, #2)",fantasy
916,Jinx,fantasy
919,"The Atrocity Archives (Laundry Files, #1)",fantasy
921,"The Assassin and the Pirate Lord (Throne of Glass, #0.1)",fantasy
923,The Princess and the Pea,fantasy
939,"The Long Patrol (Redwall, #10)",fantasy
948,"Empire of Ivory (Temeraire, #4)",fantasy
951,"Sea of Swords (Forgotten Realms: Paths of Darkness, #4; Legend of Drizzt, #13)",fantasy
957,The Illuminatus! Trilogy,fantasy
962,All You Need Is Kill,fantasy
965,"Ozma of Oz (Oz, #3)",fantasy
967,"The Two Swords (Forgotten Realms: Hunter's Blades, #3; Legend of Drizzt, #16)",fantasy
968,The Faraway Tree Stories (The Faraway Tree #1-3),fantasy
972,"Black Butler, Vol. 2 (Black Butler, #2)",fantasy
973,"The Autumn Republic (Powder Mage, #3)",fantasy
974,Rainbows End,fantasy
989,"The Akhenaten Adventure (Children of the Lamp, #1)",fantasy
1000,"The Belgariad Boxed Set: Pawn of Prophecy / Queen of Sorcery / Magician's Gambit / Castle of Wizardry / Enchanters' End Game (The Belgariad, #1-5)",fantasy
1004,"Dies the Fire (Emberverse, #1)",fantasy
1008,"The Awakened Mage (Kingmaker, Kingbreaker, #2)",fantasy
1016,One,fantasy
1031,"Time and Again (Time, #1)",fantasy
1032,"Dragons of Summer Flame (Dragonlance: The Second Generation, #2)",fantasy
1035,"The Will of the Empress (Circle Reforged, #1)",fantasy
1039,"The Assassin and the Empire (Throne of Glass, #0.5)",fantasy
1042,A Wrinkle in Time: The Graphic Novel,fantasy
1044,"The Chronicles of Thomas Covenant, the Unbeliever (The Chronicles of Thomas Covenant the Unbeliever, #1-3)",fantasy
1048,"Olympos (Ilium, #2)",fantasy
1050,The Magician's Elephant,fantasy
1051,"The Lost Saint (The Dark Divine, #2)",fantasy
1058,"Dragonheart (Pern, #21)",fantasy
1062,"Serafina and the Black Cloak (Serafina, #1)",fantasy
1063,A New Hope  (Star Wars: Novelizations #4),fantasy
1065,"Firestar's Quest (Warriors Super Edition, #1)",fantasy
1067,"The Crown Conspiracy (The Riyria Revelations, #1)",fantasy
1071,"Crystal Singer (Crystal Singer, #1)",fantasy
1072,Darth Plagueis,fantasy
1077,"The Castle in the Attic (The Castle in the Attic, #1)",fantasy
1078,"Jedi Search (Star Wars: The Jedi Academy Trilogy, #1)",fantasy
1079,Sign of the Unicorn (The Chronicles of Amber #3),fantasy
1082,In the Night Kitchen,fantasy
1085,The Three Billy Goats Gruff,fantasy
1088,"The Fire Eternal (The Last Dragon Chronicles, #4)",fantasy
1092,"Fruits Basket, Vol. 2",fantasy
1094,"The Other Wind (Earthsea Cycle, #6)",fantasy
1105,"Victory of Eagles (Temeraire, #5)",fantasy
1106,Deerskin,fantasy
1108,Love You to Death: The Unofficial Companion to the Vampire Diaries,fantasy
1109,"Mountain of Black Glass (Otherland, #3)",fantasy
1110,"A Grimm Warning (The Land of Stories, #3)",fantasy
1111,"Spell or High Water (Magic 2.0, #2)",fantasy
1113,"Babylon's Ashes (The Expanse, #6)",fantasy
1120,"Princess of Glass (The Princesses of Westfalin Trilogy, #2)",fantasy
1024,"The Lion King",fantasy
1122,"Molly Moon's Incredible Book of Hypnotism (Molly Moon, #1)",fantasy
1124,"Aloha from Hell (Sandman Slim, #3)",fantasy
1134,Split Infinity  (Apprentice Adept #1),fantasy
1138,"Batman: No Man's Land, Vol. 1",fantasy
1144,"Red Glove (Curse Workers, #2)",fantasy
1146,"Witches of East End (The Beauchamp Family, #1)",fantasy
1152,The Dark Is Rising Sequence  (The Dark Is Rising #1-5),fantasy
1153,More Than Human,fantasy
1156,"The Wheel of Time: Boxed Set  (Wheel of Time, #1-8)",fantasy
1166,The Incredible Hulk: Planet Hulk,fantasy
1177,"Johannes Cabal the Necromancer (Johannes Cabal, #1)",fantasy
1180,"Crewel (Crewel World, #1)",fantasy
1182,"Berserk, Vol. 1 (Berserk, #1)",fantasy
1191,"Forsaken (The Demon Trappers, #1)",fantasy
1196,Belzhar,fantasy
1200,"Sweet Tooth, Volume 1: Out of the Deep Woods",fantasy
1202,Rump: The True Story of Rumpelstiltskin,fantasy
1210,"Beacon 23: The Complete Novel (Beacon 23, #1-5)",fantasy
1216,"Hidden (Firelight, #3)",fantasy
1218,"Magonia (Magonia, #1)",fantasy
1220,"Krondor: The Betrayal (The Riftwar Legacy, #1)",fantasy
4,"Fifty Shades of Grey (Fifty Shades, #1)",romance
8,One Hundred Years of Solitude,romance
14,"If I Stay (If I Stay, #1)",romance
15,"Something Borrowed (Darcy & Rachel, #1)",romance
24,Never Let Me Go,romance
26,An Abundance of Katherines,romance
41,Bel Canto,romance
63,This Lullaby,romance
64,Nights in Rodanthe,romance
66,Veronika Decides to Die,romance
71,"Crossed (Matched, #2)",romance
76,"The Wedding (The Notebook, #2)",romance
77,The Cider House Rules,romance
78,The Choice,romance
96,"Fifty Shades Trilogy (Fifty Shades, #1-3)",romance
101,The Age of Innocence,romance
104,"Wallbanger (Cocktail, #1)",romance
119,"Grey (Fifty Shades, #4)",romance
121,North and South,romance
122,"Requiem (Delirium, #3)",romance
123,2 States: The Story of My Marriage,romance
125,Ugly Love,romance
126,"Gabriel's Rapture (Gabriel's Inferno, #2)",romance
129,"Beautiful Bastard (Beautiful Bastard, #1)",romance
135,"Onyx (Lux, #2)",romance
139,"Anne of Avonlea (Anne of Green Gables, #2)",romance
142,"The Coincidence of Callie & Kayden (The Coincidence, #1)",romance
157,"Across the Universe (Across the Universe, #1)",romance
168,"True Believer (Jeremy Marsh & Lexie Darnell, #1)",romance
172,Flipped,romance
174,"Love, Rosie",romance
189,It Ends with Us,romance
193,"A Voice in the Wind (Mark of the Lion, #1)",romance
199,What Happened to Goodbye,romance
206,Amy & Roger's Epic Detour,romance
212,The Sky Is Everywhere,romance
222,"These Is My Words: The Diary of Sarah Agnes Prine, 1881-1901, Arizona Territories (Sarah Agnes Prine, #1)",romance
229,"Pollyanna (Pollyanna, #1)",romance
242,On Chesil Beach,romance
248,The Last Letter from Your Lover,romance
251,Open House,romance
256,"P.S. I Still Love You (To All the Boys I've Loved Before, #2)",romance
261,"The Secret of Ella and Micha (The Secret, #1)",romance
266,"The Crown (The Selection, #5)",romance
269,"Lady Midnight (The Dark Artifices, #1)",romance
271,"Gossip Girl (Gossip Girl, #1)",romance
273,"Down to You (The Bad Boys, #1)",romance
285,"All-American Girl (All-American Girl, #1)",romance
293,"Mile High (Up in the Air, #2)",romance
294,"The Mighty Storm (The Storm, #1)",romance
302,"Love Story (Love Story, #1)",romance
306,Catching Jordan,romance
309,"The Bronze Horseman (The Bronze Horseman, #1)",romance
313,"Dark Witch (The Cousins O'Dwyer Trilogy, #1)",romance
315,"The Prince (The Selection, #0.5)",romance
324,See Me,romance
330,"Twisted Perfection (Rosemary Beach, #5; Perfection, #1)",romance
332,Circle of Friends,romance
338,Fly Away Home,romance
342,Hate List,romance
345,"All In (The Blackstone Affair, #2)",romance
348,"Anne's House of Dreams (Anne of Green Gables, #5)",romance
354,I Was Here,romance
358,The Book of Laughter and Forgetting,romance
359,The Horse Whisperer,romance
367,Eugene Onegin,romance
368,The Japanese Lover,romance
384,Evening Class,romance
386,The Far Pavilions,romance
414,Simon vs. the Homo Sapiens Agenda,romance
415,Wives and Daughters,romance
432,"Clash (Crash, #2)",romance
441,On the Jellicoe Road,romance
445,The Razor's Edge,romance
447,"Love Comes Softly (Love Comes Softly, #1)",romance
457,Northern Lights,romance
461,Bergdorf Blondes,romance
476,Silver Girl,romance
479,"Never Never: Part Two (Never Never, #2)",romance
488,"Black Bird, Vol. 01 (Black Bird, #1)",romance
492,Immortality,romance
494,Twisted,romance
497,"The King (Black Dagger Brotherhood, #12)",romance
503,"Fever (The Chemical Garden, #2)",romance
514,Half Girlfriend,romance
520,"Match Me If You Can (Chicago Stars, #6)",romance
521,"Crazy Little Thing (Bell Harbor, #1)",romance
527,The Fill-In Boyfriend,romance
530,"The Guard (The Selection, #2.5)",romance
533,"Kiss of the Highlander (Highlander, #4)",romance
534,Cranford,romance
535,"Into the Still Blue (Under the Never Sky, #3)",romance
547,"Rumors (Luxe, #2)",romance
549,Summerland,romance
555,Kiss an Angel,romance
558,"Ruin (Ruin, #1)",romance
565,"Mine (Real, #2)",romance
579,"Burn (Breathless, #3)",romance
583,Beautiful Day,romance
594,La Dame aux Camélias,romance
595,The Wedding Dress,romance
622,"Never Never: Part Three (Never Never, #3)",romance
626,"Shadow Spell (The Cousins O'Dwyer Trilogy, #2)",romance
630,Can Love Happen Twice?,romance
637,Written on the Body,romance
641,"Bite Club (The Morganville Vampires, #10)",romance
647,"Angelfire (Angelfire, #1)",romance
648,"Tears of the Moon (Gallaghers of Ardmore / Irish Trilogy, #2)",romance
658,"Return to Paradise (Leaving Paradise, #2)",romance
664,"The Dark Highlander (Highlander, #5)",romance
675,"Inner Harbor (Chesapeake Bay Saga, #3)",romance
678,"The Earth, My Butt, and Other Big Round Things",romance
682,"Jo's Boys (Little Women, #3)",romance
690,"Every Boy's Got One (Boy, #3)",romance
692,"Found in You (Fixed, #2)",romance
695,"Again the Magic (Wallflowers, #0)",romance
700,"Unleashed (Ross Siblings, #1)",romance
702,The Alibi,romance
704,Bel-Ami,romance
705,The Time in Between,romance
712,"Blue-Eyed Devil (Travises, #2)",romance
729,The Proper Care and Feeding of Husbands,romance
731,The Museum of Innocence,romance
737,A Mango-Shaped Space,romance
738,Quentins,romance
747,"Rock the Heart (Black Falcon, #1)",romance
753,"Trust in Me (Wait for You, #1.5)",romance
757,Winter Solstice,romance
761,"The Mating  (Law of the Lycans, #2)",romance
762,"The Fixed Trilogy (Fixed, #1-3)",romance
766,"If I Were You (Inside Out, #1)",romance
768,Daisy Miller,romance
770,Leo,romance
778,"Unbeautifully (Undeniable, #2)",romance
779,"The Lonely Hearts Club (The Lonely Hearts Club, #1)",romance
789,"Kitchen Princess, Vol. 01 (Kitchen Princess, #1)",romance
803,"The Last Little Blue Envelope (Little Blue Envelope, #2)",romance
804,Minding Frankie,romance
806,"The Firebird (Slains, #2)",romance
808,God Help the Child,romance
809,"Burn for Burn (Burn for Burn, #1)",romance
812,The Blue Castle,romance
818,"Prized (Birthmarked, #2)",romance
821,Gods in Alabama,romance
829,"Love Bites (Vampire Kisses, #7)",romance
840,"Pure (Pure, #1)",romance
843,Astonish Me,romance
845,"Envy (Luxe, #3)",romance
846,Girls of Riyadh,romance
849,"Breathe (Colorado Mountain, #4)",romance
856,"Sever (The Chemical Garden, #3)",romance
869,A Home at the End of the World,romance
870,"Twisted Palace (The Royals, #3)",romance
872,"Pucked (Pucked, #1)",romance
877,Tribute,romance
880,Bridge to Haven,romance
882,"Don't Die, My Love",romance
893,"Dark Gold (Dark, #3)",romance
896,"Nana (Les Rougon-Macquart, #9)",romance
901,"This Heart of Mine (Chicago Stars, #5)",romance
903,"Married By Morning (The Hathaways, #4)",romance
908,"Knight & Play (Knight, #1)",romance
910,Full House (Full #1),romance
911,"Surrender Your Love (Surrender Your Love, #1)",romance
915,"Lost & Found (Lost & Found, #1)",romance
918,All Our Yesterdays,romance
920,"After We Fell (After, #3)",romance
925,"Rome (Marked Men, #3)",romance
926,Looking for Alibrandi,romance
928,A Midsummer's Nightmare,romance
932,Ten Things We Did (and Probably Shouldn't Have),romance
934,"Tall, Tatted and Tempting (The Reed Brothers, #1)",romance
941,And the Shofar Blew,romance
952,"Best Friends for Never (The Clique, #2)",romance
958,Beachcombers,romance
959,"Love★Com, Vol. 1",romance
966,"Stay with Me (Wait for You, #3)",romance
982,The Girl Who Came Home,romance
983,Anyone But You,romance
991,Close Range,romance
998,The Hurricane Sisters,romance
1003,"Rock Chick Reckoning (Rock Chick, #6)",romance
1012,"Dawn on a Distant Shore (Wilderness, #2)",romance
1015,Punk 57,romance
1018,"Ouran High School Host Club, Vol. 2 (Ouran High School Host Club, #2)",romance
1019,"The Love Song of Miss Queenie Hennessy (Harold Fry, #2)",romance
1024,"Undead and Unappreciated (Undead, #3)",romance
1029,A Girl Like You,romance
1033,"Mrs. Mike (Mrs. Mike, #1)",romance
1034,You Against Me,romance
1040,"Misbehaving (Sea Breeze, #6)",romance
1046,"A Blaze of Sun (A Shade of Vampire, #5)",romance
1061,"MacRieve (Immortals After Dark, #14)",romance
1098,"Her Daughter's Dream (Marta's Legacy, #2)",romance
1101,"Take This Regret (Take This Regret, #1)",romance
1107,My Life with the Walter Boys (My Life with the Walter Boys #1),romance
1112,"The Billionaire Wins the Game (Billionaire Bachelors, #1)",romance
1116,"Unattainable (Undeniable, #3)",romance
1117,"Sixth Grave on the Edge (Charley Davidson, #6)",romance
1130,You Slay Me (Aisling Grey #1),romance
1131,"Ouran High School Host Club, Vol. 3 (Ouran High School Host Club, #3)",romance
1133,"Back on Blossom Street (Blossom Street, #4)",romance
1136,Crazy For You,romance
1137,The Post-Birthday World,romance
1143,"Fire Burn and Cauldron Bubble (Jolie Wilkins, #1)",romance
1145,Kulti,romance
1147,"Worth the Fight (MMA Fighter, #1)",romance
1157,"Call Me Irresistible (Wynette, Texas #5)",romance
1158,Belinda,romance
1160,A Redbird Christmas,romance
1161,"Summer of My German Soldier (Summer of My German Soldier, #1)",romance
1163,"Maid for the Billionaire (Legacy Collection, #1)",romance
1168,"The Redhead Revealed (Redhead, #2)",romance
1172,"Head Over Heels (Lucky Harbor, #3)",romance
1175,The Reef,romance
1184,The Book of Luke,romance
1186,"Annabel (Delirium, #0.5)",romance
1194,"Not Quite Dating (Not Quite, #1)",romance
1198,The Summer I Turned Pretty Trilogy: The Summer I Turned Pretty; It's Not Summer Without You; We'll Always Have Summer,romance
1209,"Tyrant (King, #2)",romance
1212,Meant to Be,romance
1215,"Shopaholic to the Rescue (Shopaholic, #8)",romance
7,"Holes (Holes, #1)",adventure
16,"Charlie and the Chocolate Factory (Charlie Bucket, #1)",adventure
50,Robinson Crusoe,adventure
55,Black Beauty,adventure
68,Heidi,adventure
106,"Journey to the Center of the Earth (Extraordinary Voyages, #3)",adventure
140,The Little Engine That Could,adventure
158,"All the Pretty Horses (The Border Trilogy, #1)",adventure
232,The Merry Adventures of Robin Hood,adventure
264,"The Oath of the Vayuputras (Shiva Trilogy, #3)",adventure
270,"Inkdeath (Inkworld, #3)",adventure
297,"Kidnapped (David Balfour, #1)",adventure
311,The Dog Stars,adventure
343,"Dorothy Must Die (Dorothy Must Die, #1)",adventure
362,"Tai-Pan (Asian Saga, #2)",adventure
475,The Snows of Kilimanjaro and Other Stories,adventure
563,"Nemesis Games (The Expanse, #5)",adventure
571,The Sign of the Beaver,adventure
634,"Inca Gold (Dirk Pitt, #12)",adventure
679,"Raise the Titanic! (Dirk Pitt, #4)",adventure
681,"Brian's Winter (Brian's Saga, #3)",adventure
707,"A King's Ransom (The 39 Clues: Cahills vs. Vespers, #2)",adventure
759,King of the Wind: The Story of the Godolphin Arabian,adventure
801,The Twelve Chairs,adventure
811,"Big Red (Big Red, #1)",adventure
823,Zorro,adventure
848,"Robin Hood, The Prince of Thieves",adventure
876,Running Out of Time,adventure
894,Martin Eden,adventure
927,"The Seventh Scroll (Ancient Egypt, #2)",adventure
1047,Ungifted,adventure
1126,Curious George Takes a Job,adventure
1127,Superman for All Seasons,adventure
1183,Scaredy Squirrel (Scaredy Squirrel),adventure
100,Eye of the Needle,thriller
131,"The Big Sleep (Philip Marlowe, #1)",thriller
156,State of Fear,thriller
188,"Pines (Wayward Pines, #1)",thriller
200,Next,thriller
231,The Associate,thriller
237,"The Bourne Ultimatum (Jason Bourne, #3)",thriller
247,"American Assassin (Mitch Rapp, #1)",thriller
349,"The Templar Legacy (Cotton Malone, #1)",thriller
366,Airport,thriller
442,"Robopocalypse (Robopocalypse, #1)",thriller
448,"The Prodigal Daughter (Kane & Abel, #2)",thriller
455,Nothing Lasts Forever,thriller
584,The Manchurian Candidate (Movie Tie-In Edition),thriller
611,The Einstein Prophecy,thriller
624,"Night Fall (John Corey, #3)",thriller
625,"The Whole Truth (A. Shaw, #1)",thriller
632,Amazonia,thriller
711,The Visitation,thriller
740,The Informers,thriller
746,Marathon Man,thriller
751,"The Atlantis World (The Origin Mystery, #3)",thriller
780,Disclaimer,thriller
792,Memories of Midnight,thriller
797,"The Secret Servant (Gabriel Allon, #7)",thriller
805,The Third Twin,thriller
838,"Path of the Assassin (Scot Harvath, #2)",thriller
864,Darkfall,thriller
899,The Eyes of Darkness,thriller
933,"Blowback (Scot Harvath, #4)",thriller
940,"The Kept Woman (Will Trent, #8)",thriller
975,"The Charlemagne Pursuit (Cotton Malone, #4)",thriller
977,A Place Called Freedom,thriller
978,"The Apostle (Scot Harvath, #8)",thriller
981,The Firm,thriller
1005,Mount Dragon,thriller
1010,"Point of Impact (Bob Lee Swagger, #1)",thriller
1022,"1Q84 BOOK 2 (1Q84, #2)",thriller
1028,The Devil's Alternative,thriller
1089,Tell-All,thriller
1102,Ice Station Zebra,thriller
1149,"Hidden Order (Scot Harvath, #12)",thriller
1165,Lie Down with Lions,thriller
1169,Skin,thriller
585,1/4 جرام,suspense
873,The House of Thunder,suspense
936,السنجة,suspense
1135,The Voice of the Night,suspense
10,Lolita,drama
12,Divine Secrets of the Ya-Ya Sisterhood,drama
35,Oliver Twist,drama
37,The Namesake,drama
48,"The Good Earth (House of Earth, #1)",drama
49,The World According to Garp,drama
89,The Taming of the Shrew,drama
97,Twelfth Night,drama
111,The Interestings,drama
115,Far from the Madding Crowd,drama
118,The Longest Ride,drama
130,Vanishing Acts,drama
182,Sing You Home,drama
185,A Spool of Blue Thread,drama
252,The Silver Star,drama
279,A Raisin in the Sun,drama
323,A Lesson Before Dying,drama
374,Purity,drama
385,Amsterdam,drama
394,South of Broad,drama
420,Our Town,drama
438,The Coldest Winter Ever,drama
480,Songs in Ordinary Time,drama
482,Every Last One,drama
484,After the Quake,drama
493,Long Day's Journey Into Night,drama
526,The Fourth Hand,drama
529,Today Will Be Different,drama
543,We Are Not Ourselves,drama
573,Belong to Me,drama
580,The Emperor's Children,drama
588,In One Person,drama
600,The Elementary Particles,drama
628,The Cherry Orchard,drama
640,Last Night in Twisted River,drama
643,The Weight of Water,drama
701,"Welcome to the World, Baby Girl! (Elmwood Springs, #1)",drama
756,Bridge of Sighs,drama
793,The Universe Versus Alex Woods,drama
796,Please Look After Mom,drama
814,Titus Andronicus,drama
842,The Comedy of Errors,drama
929,Lucky Us,drama
947,The Story of an Hour,drama
956,درخت زیبای من,drama
986,The Odd Couple,drama
993,Beaches,drama
996,Don't Let Me Go,drama
1075,LaRose,drama
1114,Drop City,drama
1125,The Complete Short Novels,drama
1171,The Old Curiosity Shop,drama
1201,Unless,drama
1213,The Illustrated Mum,drama
1217,Big Brother,drama
2,The Lovely Bones,mystery
21,"Along Came a Spider (Alex Cross, #1)",mystery
30,Nineteen Minutes,mystery
45,The Name of the Rose,mystery
74,"The Mysterious Affair at Styles (Hercule Poirot, #1)",mystery
82,"The Bone Collector (Lincoln Rhyme, #1)",mystery
93,"A is for Alibi (Kinsey Millhone, #1)",mystery
102,"Two for the Dough (Stephanie Plum, #2)",mystery
108,"The Alienist (Dr. Laszlo Kreizler, #1)",mystery
112,"The Sweetness at the Bottom of the Pie (Flavia de Luce, #1)",mystery
114,The Testament,mystery
117,"Cruel & Unusual (Kay Scarpetta, #4)",mystery
144,"Hard Eight (Stephanie Plum, #8)",mystery
146,Chronicle of a Death Foretold,mystery
150,"Leviathan Wakes (The Expanse, #1)",mystery
151,"To the Nines (Stephanie Plum, #9)",mystery
167,"The Murder of Roger Ackroyd (Hercule Poirot, #4)",mystery
171,The Woman in Cabin 10,mystery
173,The Orphan Master's Son,mystery
178,"In a Dark, Dark Wood",mystery
194,"Twelve Sharp (Stephanie Plum, #12)",mystery
210,When You Reach Me,mystery
213,Before the Fall,mystery
215,The Crying of Lot 49,mystery
218,The Last Anniversary,mystery
220,The General's Daughter,mystery
224,"3rd Degree (Women's Murder Club, #3)",mystery
239,"When the Bough Breaks (Alex Delaware, #1)",mystery
240,"The Maze of Bones  (The 39 Clues, #1)",mystery
243,"Point of Origin (Kay Scarpetta, #9)",mystery
260,"Body of Evidence (Kay Scarpetta, #2)",mystery
275,"Faceless Killers (Kurt Wallander, #1)",mystery
280,Rogue Lawyer,mystery
317,Ordinary Grace,mystery
318,"Violets Are Blue (Alex Cross, #7)",mystery
321,"The Black Ice (Harry Bosch, #2; Harry Bosch Universe, #2)",mystery
327,"Pattern Recognition (Blue Ant, #1)",mystery
333,"Killer (Pretty Little Liars, #6)",mystery
355,"Alone (Detective D.D. Warren, #1)",mystery
360,"Wanted (Pretty Little Liars, #8)",mystery
370,"Plum Lovin' (Stephanie Plum, #12.5)",mystery
378,The Weight of Silence,mystery
380,"Cause of Death (Kay Scarpetta, #7)",mystery
381,"Wicked Appetite (Lizzy & Diesel, #1)",mystery
382,"Winter Prey (Lucas Davenport, #5)",mystery
388,"The Apprentice (Rizzoli & Isles, #2)",mystery
393,"The Concrete Blonde (Harry Bosch, #3; Harry Bosch Universe, #3)",mystery
402,"The Talented Mr. Ripley (Ripley, #1)",mystery
405,"Lost Light (Harry Bosch, #9; Harry Bosch Universe, #11)",mystery
417,Live Wire (Myron Bolitar #10),mystery
418,"The Collectors (Camel Club, #2)",mystery
434,"The Last Mile (Amos Decker, #2)",mystery
435,What She Knew,mystery
444,"Plum Lucky (Stephanie Plum, #13.5)",mystery
449,"Stone Cold (Camel Club, #3)",mystery
452,The Children of Men,mystery
458,"K is for Killer (Kinsey Millhone, #11)",mystery
459,"The 9th Judgment  (Women's Murder Club, #9)",mystery
472,"A Drink Before the War (Kenzie & Gennaro, #1)",mystery
473,"Poirot Investiga (Hércules Poirot, #3)",mystery
487,The Midwife's Confession,mystery
491,Deal Breaker (Myron Bolitar #1),mystery
502,"The Mysterious Benedict Society and the Perilous Journey (The Mysterious Benedict Society, #2)",mystery
507,The Robots of Dawn (Robot #3),mystery
510,"Cross Country (Alex Cross, #14)",mystery
515,"11th Hour (Women's Murder Club, #11)",mystery
522,"Dissolution (Matthew Shardlake, #1)",mystery
525,The Wonder,mystery
536,The Club Dumas,mystery
541,"Whose Body?  (Lord Peter Wimsey, #1)",mystery
545,The Last Child,mystery
548,Chasing the Dime,mystery
551,"Fractured (Will Trent, #2)",mystery
552,The Murder House,mystery
559,"The Long Goodbye (Philip Marlowe, #6)",mystery
560,"Farewell, My Lovely (Philip Marlowe, #2)",mystery
561,"Death du Jour (Temperance Brennan, #2)",mystery
570,"C is for Corpse  (Kinsey Millhone, #3)",mystery
582,The Expats,mystery
589,"Still Life With Crows (Pendergast, #4)",mystery
593,The Light in the Ruins,mystery
606,"The Keepsake (Rizzoli & Isles, #7)",mystery
616,"The Silent Girl (Rizzoli & Isles, #9)",mystery
635,"Wild Fire (John Corey, #4)",mystery
639,"Ceremony in Death (In Death, #5)",mystery
646,"Wicked Business (Lizzy & Diesel, #2)",mystery
657,A Secret Kept,mystery
670,Sleep Tight,mystery
673,The Improbable Adventures of Sherlock Holmes,mystery
691,"The Watchman (Elvis Cole, #11; Joe Pike, #1)",mystery
697,"L is for Lawless (Kinsey Millhone, #12)",mystery
703,A Land More Kind Than Home,mystery
715,"Alex Cross, Run (Alex Cross, #20)",mystery
722,Promise Me (Myron Bolitar #8),mystery
728,"Conspiracy in Death (In Death, #8)",mystery
733,"Appointment with Death (Hercule Poirot, #19)",mystery
741,Identity Crisis,mystery
754,Jasper Jones,mystery
755,Summer House with Swimming Pool,mystery
758,"United We Spy (Gallagher Girls, #6)",mystery
771,"I is for Innocent (Kinsey Millhone, #9)",mystery
784,The Devotion of Suspect X,mystery
794,"The Murder on the Links (Hercule Poirot, #2)",mystery
800,When We Were Orphans,mystery
810,"Merry Christmas, Alex Cross (Alex Cross, #19)",mystery
815,"Grave Secret (Harper Connelly, #4)",mystery
817,"Secrets to the Grave (Oak Knoll, #2)",mystery
825,"T is for Trespass (Kinsey Millhone, #20)",mystery
847,The Jester,mystery
850,On the Street Where You Live,mystery
854,The Man From St. Petersburg,mystery
857,The Dogs of Babel,mystery
859,"Sidetracked (Kurt Wallander, #5)",mystery
883,Harvest,mystery
888,"Private #1 Suspect (Private, #2)",mystery
904,"The Vanished Man (Lincoln Rhyme, #5)",mystery
913,"Real Murders (Aurora Teagarden, #1)",mystery
924,What the Dead Know,mystery
938,"A Perfect Evil (Maggie O'Dell, #1)",mystery
942,"44 Scotland Street (44 Scotland Street, #1)",mystery
945,"Carry on, Jeeves (Jeeves, #3)",mystery
949,Daddy's Little Girl,mystery
954,"A Pocket Full of Rye (Miss Marple, #7)",mystery
963,"Savannah Blues (Weezie and Bebe Mysteries, #1)",mystery
979,"Murder Must Advertise  (Lord Peter Wimsey, #10)",mystery
985,"Mr. Kiss and Tell (Veronica Mars, #2)",mystery
994,I Heard That Song Before,mystery
1014,Hidden (Bone Secrets. #1),mystery
1025,"Blue Labyrinth (Pendergast, #14)",mystery
1026,"Creation in Death (In Death, #25)",mystery
1043,Tigers in Red Weather,mystery
1053,"Silken Prey (Lucas Davenport, #23)",mystery
1054,Pudd'nhead Wilson,mystery
1055,"Native Tongue (Skink, #2)",mystery
1056,The Persian Pickle Club,mystery
1066,"The Naturals (The Naturals, #1)",mystery
1068,"Chasing Darkness (Elvis Cole, #12)",mystery
1074,The Murderer's Daughters,mystery
1096,After I'm Gone,mystery
1118,Don't Blink,mystery
1139,The Kindness of Strangers,mystery
1142,Arthur & George,mystery
1150,The Christmas Train,mystery
1174,"The Beggar King (The Hangman's Daughter, #3)",mystery
1178,The Way the Crow Flies,mystery
1187,The Man from Beijing,mystery
1195,"Kindred in Death (In Death, #29)",mystery
1207,"Birdman (Jack Caffery, #1)",mystery
177,"Lover Avenged (Black Dagger Brotherhood, #7)",paranormal-romance
179,"Lover Mine (Black Dagger Brotherhood, #8)",paranormal-romance
235,"Faefever (Fever, #3)",paranormal-romance
440,"This Side of the Grave (Night Huntress, #5)",paranormal-romance
443,"First Drop of Crimson (Night Huntress World, #1)",paranormal-romance
486,"Midnight Awakening (Midnight Breed, #3)",paranormal-romance
574,"Kiss of the Night (Dark-Hunter, #4)",paranormal-romance
605,"Kiss of Crimson (Midnight Breed, #2)",paranormal-romance
612,"Eternal Kiss of Darkness (Night Huntress World, #2)",paranormal-romance
836,"Crave (Fallen Angels, #2)",paranormal-romance
867,Caressed by Ice (Psy-Changeling #3),paranormal-romance
931,The Darkest Seduction (Lords of the Underworld #9),paranormal-romance
1001,"Envy (Fallen Angels, #3)",paranormal-romance
1011,"Undead and Unreturnable (Undead, #4)",paranormal-romance
1045,"Dark Legend (Dark, #8)",paranormal-romance
1128,"Retribution (Dark-Hunter, #19)",paranormal-romance
9,The Road,horror
29,Pet Sematary,horror
75,Firestarter,horror
83,The Exorcist,horror
91,"Doctor Sleep (The Shining, #2)",horror
127,The Tommyknockers,horror
141,"The Witching Hour (Lives of the Mayfair Witches, #1)",horror
180,"The Twelve (The Passage, #2)",horror
190,Intensity,horror
205,"Forever Odd (Odd Thomas, #2)",horror
236,The Haunting of Hill House,horror
245,Geek Love,horror
263,The Grownup,horror
331,Psycho,horror
352,Battle Royale,horror
357,Bird Box,horror
421,Through the Woods,horror
423,The Taking,horror
462,The Hellbound Heart,horror
470,Creepshow,horror
496,Tick Tock,horror
516,"Seeds of Yesterday (Dollanganger, #4)",horror
524,Life Expectancy,horror
576,Servant of the Bones,horror
578,The House of the Seven Gables,horror
604,Night Chills,horror
613,Books of Blood: Volumes One to Three (Books of Blood #1-3),horror
619,The Terror,horror
638,"Dead and Alive (Dean Koontz's Frankenstein, #3)",horror
644,"Locke & Key, Vol. 2: Head Games",horror
660,Anne Rice's The Tale of the Body Thief (A Graphic Novel),horror
684,Innocence,horror
688,By the Light of the Moon,horror
699,"This Book Is Full of Spiders: Seriously, Dude, Don't Touch It (John Dies at the End, #2)",horror
709,Living Dead Girl,horror
719,"Welcome to Dead House (Goosebumps, #1)",horror
739,"The Green Mile, Part 1: The Two Dead Girls",horror
772,"Blindsight (Firefall, #1)",horror
774,"Heaven (Casteel, #1)",horror
776,"30 Days of Night, Vol. 1",horror
826,"UnSouled (Unwind, #3)",horror
831,"Locke & Key, Vol. 5: Clockworks",horror
891,The Servants of Twilight,horror
895,"Deadman Wonderland, Volume 1 (Deadman Wonderland, #1)",horror
935,"The Haunted Mask (Goosebumps, #11)",horror
970,"Dawn (Cutler, #1)",horror
1006,The Face of Fear,horror
1017,The Castle of Otranto,horror
1052,المرحوم,horror
1073,The King in Yellow and Other Horror Stories,horror
1084,"The Green Mile, Part 2: The Mouse on the Mile",horror
1129,"The Green Mile, Part 3: Coffey's Hands",horror
1155,Abandon,horror
1199,مخطوطة بن إسحاق: مدينة الموتى,horror
1219,Horrorstör,horror
13,"The Pillars of the Earth (The Kingsbridge Series, #1)",history
34,All Quiet on the Western Front,history
39,For Whom the Bell Tolls,history
42,"Guns, Germs, and Steel: The Fates of Human Societies",history
43,"Things Fall Apart (The African Trilogy, #1)",history
51,The Kitchen House,history
56,War and Peace,history
88,The Republic,history
94,Shanghai Girls (Shanghai Girls #1),history
147,Killing Lincoln: The Shocking Assassination that Changed America Forever,history
148,City of Thieves,history
161,The Book of Mormon: Another Testament of Jesus Christ,history
166,Lone Survivor: The Eyewitness Account of Operation Redwing and the Lost Heroes of SEAL Team 10,history
170,The Communist Manifesto,history
203,Narrative of the Life of Frederick Douglass,history
238,Meditations,history
250,The Lacuna,history
255,Suite Française,history
265,Truman,history
272,Sapiens: A Brief History of Humankind,history
274,The Complete Works,history
288,Lies My Teacher Told Me,history
295,Esperanza Rising,history
296,No Easy Day: The Firsthand Account of the Mission That Killed Osama Bin Laden,history
303,"The Winds of War (The Henry Family, #1)",history
307,Nothing to Envy: Ordinary Lives in North Korea,history
336,"The Midwife: A Memoir of Birth, Joy, and Hard Times",history
337,Hell's Angels: A Strange and Terrible Saga,history
346,Decision Points,history
350,The Warmth of Other Suns: The Epic Story of America's Great Migration,history
377,ثلاثية غرناطة,history
379,The Quiet American,history
395,The Birth House,history
397,Salt to the Sea,history
422,The Twelve Tribes of Hattie,history
453,The Plot Against America,history
467,"Chains (Seeds of America, #1)",history
468,The Postmistress,history
469,"The Other Queen (The Plantagenet and Tudor Novels, #15)",history
478,"King Rat (Asian Saga, #4)",history
495,"The Physician (Cole Family Trilogy, #1)",history
498,When Nietzsche Wept,history
540,A History of Western Philosophy,history
553,Mein Kampf,history
556,The Decameron,history
596,"D-Day, June 6, 1944: The Battle for the Normandy Beaches",history
597,Common Sense,history
601,The Bastard of Istanbul,history
607,The Naked and the Dead,history
608,Battle Cry of Freedom,history
617,Apology,history
623,We Were Soldiers Once... and Young: Ia Drang - The Battle that Changed the War in Vietnam,history
665,The Second Sex,history
696,Skeletons at the Feast,history
708,The Poisoner's Handbook: Murder and the Birth of Forensic Medicine in Jazz Age New York,history
710,Thomas Jefferson: The Art of Power,history
723,The Given Day (Coughlin #1),history
744,الطنطورية,history
760,The Rape of Nanking,history
773,Azincourt,history
799,"In the Plex: How Google Thinks, Works, and Shapes Our Lives",history
819,War,history
834,The Endurance: Shackleton's Legendary Antarctic Expedition,history
860,America's First Daughter,history
879,Sacajawea (Lewis & Clark Expedition),history
917,Private Peaceful,history
930,Phenomenology of Spirit,history
943,"What Katy Did (Carr Family, #1)",history
946,Competitive Strategy: Techniques for Analyzing Industries and Competitors,history
953,The Long Walk: The True Story of a Trek to Freedom,history
961,The Lions of Little Rock,history
971,"The Many Lives & Secret Sorrows of Josephine B. (Josephine Bonaparte, #1)",history
997,Home,history
1013,Brave New World Revisited,history
1023,How Soccer Explains the World,history
1027,The Blood of Flowers,history
1038,Tales of the South Pacific,history
1049,A History of the World in 6 Glasses,history
1059,HHhH,history
1070,The Wives of Henry VIII,history
1093,Misquoting Jesus: The Story Behind Who Changed the Bible and Why,history
1100,The Post-American World,history
1103,A. Lincoln,history
1140,Fugitive Pieces,history
1154,"The Field of Swords (Emperor, #3)",history
1179,Beyond Band of Brothers: The War Memoirs of Major Dick Winters,history
1193,"Heretic (The Grail Quest, #3)",history
1197,The Decline and Fall of the Roman Empire,history
1208,The Map That Changed the World,history
25,The Godfather,crime
267,"Pop Goes the Weasel (Alex Cross, #5)",crime
538,"Phantom (Harry Hole, #9)",crime
557,"The Crossing (Harry Bosch, #20; Mickey Haller, #7; Harry Bosch Universe, #25)",crime
659,"Police (Harry Hole, #10)",crime
785,Porno,crime
944,"Blood on Snow (Blood on Snow, #1)",crime
1007,"100 Bullets, Vol. 1: First Shot, Last Call",crime
1167,"Journal 64 (Afdeling Q, #4)",crime
1170,"The Big Nowhere (L.A. Quartet, #2)",crime
1181,The Hate U Give,crime
44,The Five Love Languages: How to Express Heartfelt Commitment to Your Mate,religion
52,The Brothers Karamazov,religion
85,The Power of Now: A Guide to Spiritual Enlightenment,religion
109,White Teeth,religion
120,Thus Spoke Zarathustra,religion
137,The Monk Who Sold His Ferrari: A Fable About Fulfilling Your Dreams  Reaching Your Destiny,religion
155,god is Not Great: How Religion Poisons Everything,religion
257,The Children Act,religion
278,The Demon-Haunted World: Science as a Candle in the Dark,religion
329,As a Man Thinketh,religion
373,The Problem of Pain,religion
391,Purple Hibiscus,religion
425,Knowing God,religion
464,Love Does: Discover a Secretly Incredible Life in an Ordinary World,religion
562,More Than a Carpenter,religion
572,"The Mark (Left Behind, #8)",religion
645,Manuscript Found in Accra,religion
654,Developing the Leader Within You,religion
656,A Woman After God's Own Heart,religion
672,The Tibetan Book of Living and Dying,religion
694,The Pursuit of Holiness,religion
827,The Yacoubian Building,religion
964,"Living Buddha, Living Christ",religion
969,The Analects,religion
992,Where Is God When It Hurts?,religion
1021,The Tale of Three Trees,religion
1030,Awakening the Buddha Within: Tibetan Wisdom for the Western World,religion
1121,"Like a Fire Burning (The Work and the Glory, #2)",religion
58,Wall and Piece,art
128,Steal Like an Artist: 10 Things Nobody Told You About Being Creative,art
165,The Artist's Way: A Spiritual Path to Higher Creativity,art
214,The Calvin and Hobbes Tenth Anniversary Book,art
401,The Woman Upstairs,art
409,The Philosophy of Andy Warhol (From A to B and Back Again),art
500,History of Art,art
621,Creative Visualization: Use the Power of Your Imagination to Create What You Want in Your Life,art
652,The Creative License: Giving Yourself Permission to Be The Artist You Truly Are,art
822,Figure Drawing for All It's Worth (How to draw and paint),art
950,Presentation Zen: Simple Ideas on Presentation Design and Delivery,art
980,The Magic Mirror of M.C. Escher,art
1002,FRUiTS,art
1069,Mouse Paint,art
1099,Humans of New York,art
1162,Daily Rituals: How Artists Work,art
1173,Succulent Wild Woman,art
1176,5 Very Good Reasons to Punch a Dolphin in the Mouth and Other Useful Guides,art
351,Hard Times,satire
430,Fierce Invalids Home from Hot Climates,satire
439,A Modest Proposal,satire
775,Money,satire
874,Napalm & Silly Putty,satire
1091,"Transmetropolitan, Vol. 5: Lonely City (Transmetropolitan, #5)",satire
1221,Bagombo Snuff Box,satire
11,Steve Jobs,biography
31,The Last Lecture,biography
72,Dreams from My Father: A Story of Race and Inheritance,biography
110,American Sniper: The Autobiography of the Most Lethal Sniper in U.S. Military History,biography
259,Papillon,biography
290,Escape from Camp 14: One Man's Remarkable Odyssey from North Korea to Freedom in the West,biography
341,Autobiography of a Yogi,biography
364,Unbearable Lightness: A Story of Loss and Gain,biography
396,Wings of Fire: An Autobiography,biography
429,Incidents in the Life of a Slave Girl,biography
454,No One Here Gets Out Alive,biography
490,Living History,biography
531,The Motorcycle Diaries: Notes on a Latin American Journey,biography
587,If You Ask Me (And of Course You Won't),biography
620,Joni: An Unforgettable Story,biography
627,Min kamp 1 (Min kamp #1),biography
668,The Short and Tragic Life of Robert Peace: A Brilliant Young Man Who Left Newark for the Ivy League,biography
714,Tramp for the Lord,biography
844,Ultramarathon Man: Confessions of an All-Night Runner,biography
881,Foxe's Book of Martyrs,biography
890,"Why We Suck: A Feel Good Guide to Staying Fat, Loud, Lazy and Stupid",biography
898,Going Solo,biography
905,Brain Droppings,biography
990,"Happy, Happy, Happy",biography
1009,"A Severe Mercy: A Story of Faith, Tragedy and Triumph",biography
1037,Istanbul: Memories and the City,biography
1060,This Time Together: Laughter and Reflection,biography
1076,Miles: The Autobiography,biography
1119,Rosemary: The Hidden Kennedy Daughter,biography
1159,"Dream Team: How Michael, Magic, Larry, Charles, and the Greatest Team of All Time Conquered the World and Changed the Game of Basketball Forever",biography
1164,The Beatles: The Biography,biography
1188,Soul on Ice,biography
18,"Angela's Ashes (Frank McCourt, #1)",memoir
20,Running with Scissors,memoir
22,Three Cups of Tea: One Man's Mission to Promote Peace ... One School at a Time,memoir
54,A Heartbreaking Work of Staggering Genius,memoir
67,"Lean In: Women, Work, and the Will to Lead",memoir
95,"Persepolis: The Story of a Childhood (Persepolis, #1)",memoir
98,Brain on Fire: My Month of Madness,memoir
107,"The Happiness Project: Or Why I Spent a Year Trying to Sing in the Morning, Clean My Closets, Fight Right, Read Aristotle, and Generally Have More Fun",memoir
113,Why Not Me?,memoir
198,A Room of One's Own,memoir
234,Stories I Only Tell My Friends,memoir
281,The Life and Times of the Thunderbolt Kid,memoir
298,"Bitter Is the New Black: Confessions of a Condescending, Egomaniacal, Self-Centered Smartass, Or, Why You Should Never Carry A Prada Bag to the Unemployment Office",memoir
326,We Should All Be Feminists,memoir
365,The Bookseller of Kabul,memoir
407,My Story,memoir
431,The Opposite of Loneliness: Essays and Stories,memoir
667,Autobiography of a Face,memoir
716,Unorthodox: The Scandalous Rejection of My Hasidic Roots,memoir
795,Hollywood,memoir
837,When Rabbit Howls,memoir
852,Uganda Be Kidding Me,memoir
863,The Idiot Girls' Action-Adventure Club: True Tales from a Magnificent and Clumsy Life,memoir
878,7: An Experimental Mutiny Against Excess,memoir
884,This is the Story of a Happy Marriage,memoir
887,"Stones Into Schools: Promoting Peace With Books, Not Bombs, in Afghanistan and Pakistan",memoir
909,Personal History,memoir
984,The Boy Who Harnessed the Wind: Creating Currents of Electricity and Hope,memoir
987,Wildflower,memoir
1041,Embroideries,memoir
1123,Songbook,memoir
1148,"My Fair Lazy: One Reality Television Addict's Attempt to Discover If Not Being A Dumb Ass Is the New Black, or, a Culture-Up Manifesto",memoir
1192,"Happier at Home: Kiss More, Jump More, Abandon a Project, Read Samuel Johnson, and My Other Experiments in the Practice of Everyday Life",memoir
1203,The Center Cannot Hold: My Journey Through Madness,memoir
1206,White Girl Problems,memoir
1222,Cinderella Ate My Daughter: Dispatches from the Frontlines of the New Girlie-Girl Culture,memoir
356,As You Wish: Inconceivable Tales from the Making of The Princess Bride,autobiography
885,Diary of a Wimpy Kid: #1-4,diary
32,Goodnight Moon,poetry
62,Love You Forever,poetry
134,The Divine Comedy,poetry
153,The Aeneid,poetry
160,Go the Fuck to Sleep,poetry
191,"Impulse (Impulse, #1)",poetry
201,Leaves of Grass,poetry
375,The Rime of the Ancient Mariner,poetry
419,Dr. Seuss's ABC: An Amazing Alphabet Book! (Bright and Early Board Books),poetry
433,Letters to a Young Poet,poetry
680,Yertle the Turtle and Other Stories,poetry
717,"Collected Poems, 1909-1962",poetry
734,Tales of Ordinary Madness,poetry
807,Selected Poems,poetry
886,Lullabies,poetry
976,The Love Song of J. Alfred Prufrock and Other Poems,poetry
1081,Hot Water Music,poetry
1086,The Realm of Possibility,poetry
1090,What My Mother Doesn't Know (What My Mother Doesn't Know #1),poetry
1095,Richard II,poetry
1097,The Faerie Queene,poetry
1132,On the Night You Were Born,poetry
1151,Poetics,poetry
1189,The Gay Science,poetry
1190,The Upanishads: Translations from the Sanskrit,poetry
136,The 4-Hour Workweek,travel
517,Saving Fish from Drowning,travel
798,Holy Cow: An Indian Adventure,travel
851,Round Ireland with a Fridge,travel
906,The Places in Between,travel
1036,That Old Cape Magic,travel
1057,The Relatives Came,travel
1080,The City of Falling Angels,travel
1115,حول العالم في 200 يوم,travel
28,The Very Hungry Caterpillar Board Book,science
40,The Art of War,science
87,Stiff: The Curious Lives of Human Cadavers,science
145,Cosmos,science
181,What If?: Serious Scientific Answers to Absurd Hypothetical Questions,science
204,Influence: The Psychology of Persuasion,science
254,"Polar Bear, Polar Bear, What Do You Hear?",science
383,Switch: How to Change Things When Change Is Hard,science
412,Imagine: How Creativity Works,science
463,Remarkable Creatures,science
465,The Universe in a Nutshell,science
499,Spook: Science Tackles the Afterlife,science
509,Chaos: Making a New Science,science
523,A Whole New Mind: Why Right-Brainers Will Rule the Future,science
567,A Universe from Nothing: Why There Is Something Rather Than Nothing,science
569,The Sociopath Next Door,science
698,"Virtual Light (Bridge, #1)",science
724,My Stroke of Insight: A Brain Scientist's Personal Journey,science
726,The Moral Landscape: How Science Can Determine Human Values,science
777,The Tao of Physics: An Exploration of the Parallels between Modern Physics and Eastern Mysticism,science
788,Being and Time,science
813,"3001: The Final Odyssey (Space Odyssey, #4)",science
824,The Introvert Advantage: How to Thrive in an Extrovert World,science
858,Accelerando (Singularity),science
892,Lab Girl,science
914,Hallucinations,science
922,The Happiness Advantage: The Seven Principles of Positive Psychology That Fuel Success and Performance at Work,science
937,Double Star,science
955,The Algebraist,science
988,An Anthropologist on Mars: Seven Paradoxical Tales,science
995,"Psycho-Cybernetics, A New Way to Get More Living Out of Life",science
999,All Marketers Are Liars: The Power of Telling Authentic Stories in a Low-Trust World,science
1064,The Invisible Gorilla: And Other Ways Our Intuitions Deceive Us,science
1087,Rocket Boys (Coalwood #1),science
1185,Cradle to Cradle: Remaking the Way We Make Things,science
1211,Dancing Wu Li Masters: An Overview of the New Physics (Perennial Classics),science
1214,"Grit: Passion, Perseverance, and the Science of Success",science
244,The Gifts of Imperfection: Let Go of Who You Think You're Supposed to Be and Embrace Who You Are,health
387,Curious George Goes to the Hospital,health
544,Reviving Ophelia: Saving the Selves of Adolescent Girls,health
564,Feel the Fear and Do It Anyway,health
599,"The 4-Hour Body: An Uncommon Guide to Rapid Fat-Loss, Incredible Sex, and Becoming Superhuman",health
633,Codependent No More: How to Stop Controlling Others and Start Caring for Yourself,health
685,The Law of Attraction: The Basics of the Teachings of Abraham,health
745,The Dance Of Anger: A Woman's Guide to Changing the Patterns of Intimate Relationships,health
960,What to Expect the First Year (What to Expect),health
1083,"Women's Bodies, Women's Wisdom: Creating Physical and Emotional Health and Healing",health
1104,Drop Dead Healthy: One Man's Humble Quest for Bodily Perfection,health
1141,On Becoming Baby Wise: Giving Your Infant the Gift of Nighttime Sleep,health
73,Interpreter of Maladies,anthology
392,No One Belongs Here More Than You,anthology
912,"The Past Through Tomorrow (Future History, #1-21)",anthology
512,The Barefoot Contessa Cookbook,cookbook
1020,Barefoot in Paris,cookbook
1204,Martha Stewart's Cupcakes: 175 Inspired Ideas for Everyone's Favorite Treat,cookbook
